Inv_Id,Product_Category
6,CLASS-784
12,CLASS-784
14,CLASS-784
18,CLASS-784
19,CLASS-784
20,CLASS-784
22,CLASS-784
25,CLASS-784
27,CLASS-784
36,CLASS-75
37,CLASS-75
40,CLASS-75
47,CLASS-75
48,CLASS-75
50,CLASS-75
54,CLASS-75
60,CLASS-75
63,CLASS-75
65,CLASS-75
66,CLASS-75
68,CLASS-75
71,CLASS-75
74,CLASS-75
75,CLASS-75
77,CLASS-75
79,CLASS-75
87,CLASS-75
96,CLASS-75
99,CLASS-75
112,CLASS-629
113,CLASS-75
116,CLASS-629
121,CLASS-75
122,CLASS-75
123,CLASS-75
128,CLASS-75
138,CLASS-75
140,CLASS-75
144,CLASS-75
150,CLASS-75
152,CLASS-75
154,CLASS-75
160,CLASS-75
162,CLASS-75
163,CLASS-75
166,CLASS-75
167,CLASS-75
169,CLASS-75
171,CLASS-75
173,CLASS-75
178,CLASS-177
184,CLASS-177
196,CLASS-177
197,CLASS-75
198,CLASS-75
203,CLASS-75
204,CLASS-75
211,CLASS-75
214,CLASS-177
216,CLASS-177
217,CLASS-177
218,CLASS-177
221,CLASS-75
223,CLASS-177
224,CLASS-177
225,CLASS-75
227,CLASS-177
233,CLASS-177
235,CLASS-177
237,CLASS-177
239,CLASS-177
241,CLASS-177
247,CLASS-177
249,CLASS-177
261,CLASS-75
262,CLASS-177
263,CLASS-177
266,CLASS-177
274,CLASS-177
276,CLASS-177
278,CLASS-177
287,CLASS-177
289,CLASS-177
291,CLASS-177
292,CLASS-177
300,CLASS-177
301,CLASS-177
303,CLASS-177
305,CLASS-177
306,CLASS-177
312,CLASS-177
313,CLASS-177
314,CLASS-177
315,CLASS-177
317,CLASS-177
322,CLASS-177
328,CLASS-177
333,CLASS-177
340,CLASS-75
346,CLASS-177
348,CLASS-177
351,CLASS-177
361,CLASS-75
363,CLASS-177
376,CLASS-177
377,CLASS-177
378,CLASS-177
387,CLASS-177
391,CLASS-177
404,CLASS-177
405,CLASS-177
408,CLASS-177
412,CLASS-177
414,CLASS-177
423,CLASS-177
424,CLASS-177
428,CLASS-177
429,CLASS-177
434,CLASS-177
435,CLASS-177
437,CLASS-177
441,CLASS-177
442,CLASS-177
454,CLASS-177
456,CLASS-177
460,CLASS-177
462,CLASS-177
463,CLASS-75
470,CLASS-177
475,CLASS-177
476,CLASS-177
480,CLASS-75
482,CLASS-75
487,CLASS-75
493,CLASS-177
503,CLASS-75
506,CLASS-75
508,CLASS-75
513,CLASS-177
516,CLASS-177
518,CLASS-177
520,CLASS-177
525,CLASS-177
535,CLASS-177
536,CLASS-177
537,CLASS-177
538,CLASS-177
545,CLASS-75
550,CLASS-177
552,CLASS-177
553,CLASS-75
561,CLASS-75
563,CLASS-75
565,CLASS-75
566,CLASS-75
571,CLASS-75
573,CLASS-75
575,CLASS-75
578,CLASS-75
580,CLASS-75
584,CLASS-75
592,CLASS-75
596,CLASS-75
597,CLASS-75
599,CLASS-75
604,CLASS-75
607,CLASS-75
609,CLASS-75
610,CLASS-75
623,CLASS-75
625,CLASS-75
627,CLASS-75
629,CLASS-75
637,CLASS-75
646,CLASS-75
647,CLASS-75
661,CLASS-75
664,CLASS-75
669,CLASS-75
671,CLASS-75
673,CLASS-75
674,CLASS-75
678,CLASS-75
682,CLASS-75
687,CLASS-177
691,CLASS-75
693,CLASS-75
699,CLASS-75
700,CLASS-75
702,CLASS-75
706,CLASS-75
708,CLASS-75
712,CLASS-75
714,CLASS-75
715,CLASS-75
716,CLASS-75
717,CLASS-75
719,CLASS-75
720,CLASS-75
721,CLASS-75
722,CLASS-75
725,CLASS-75
729,CLASS-75
730,CLASS-75
731,CLASS-177
733,CLASS-75
746,CLASS-75
750,CLASS-75
752,CLASS-75
753,CLASS-75
757,CLASS-75
765,CLASS-75
767,CLASS-75
769,CLASS-75
778,CLASS-75
779,CLASS-75
780,CLASS-75
787,CLASS-75
790,CLASS-75
791,CLASS-75
794,CLASS-75
795,CLASS-75
796,CLASS-75
797,CLASS-75
802,CLASS-75
805,CLASS-75
808,CLASS-75
811,CLASS-75
813,CLASS-75
814,CLASS-75
823,CLASS-75
829,CLASS-75
831,CLASS-75
836,CLASS-75
841,CLASS-75
843,CLASS-75
844,CLASS-75
846,CLASS-75
850,CLASS-75
852,CLASS-75
853,CLASS-75
856,CLASS-75
861,CLASS-75
868,CLASS-75
870,CLASS-75
878,CLASS-75
881,CLASS-75
888,CLASS-75
890,CLASS-75
891,CLASS-75
894,CLASS-75
895,CLASS-75
901,CLASS-75
912,CLASS-75
918,CLASS-75
921,CLASS-75
922,CLASS-75
923,CLASS-75
926,CLASS-75
931,CLASS-75
933,CLASS-75
936,CLASS-75
941,CLASS-75
942,CLASS-75
944,CLASS-75
945,CLASS-75
947,CLASS-75
955,CLASS-75
958,CLASS-75
960,CLASS-75
961,CLASS-75
965,CLASS-75
966,CLASS-75
977,CLASS-75
979,CLASS-75
981,CLASS-75
985,CLASS-75
986,CLASS-75
994,CLASS-75
1001,CLASS-75
1002,CLASS-75
1003,CLASS-75
1004,CLASS-75
1008,CLASS-75
1009,CLASS-75
1012,CLASS-75
1013,CLASS-75
1015,CLASS-75
1019,CLASS-75
1021,CLASS-75
1022,CLASS-75
1023,CLASS-75
1025,CLASS-75
1029,CLASS-75
1031,CLASS-75
1035,CLASS-75
1040,CLASS-75
1041,CLASS-75
1049,CLASS-75
1050,CLASS-75
1052,CLASS-75
1057,CLASS-75
1059,CLASS-75
1062,CLASS-75
1063,CLASS-75
1064,CLASS-75
1065,CLASS-75
1071,CLASS-75
1072,CLASS-75
1082,CLASS-75
1095,CLASS-75
1102,CLASS-75
1107,CLASS-75
1108,CLASS-75
1116,CLASS-75
1119,CLASS-75
1120,CLASS-75
1125,CLASS-75
1127,CLASS-75
1128,CLASS-75
1129,CLASS-75
1136,CLASS-75
1137,CLASS-75
1145,CLASS-75
1146,CLASS-75
1147,CLASS-75
1152,CLASS-75
1154,CLASS-75
1155,CLASS-75
1158,CLASS-75
1163,CLASS-75
1164,CLASS-75
1169,CLASS-75
1170,CLASS-75
1176,CLASS-75
1180,CLASS-75
1188,CLASS-75
1189,CLASS-75
1193,CLASS-75
1198,CLASS-75
1203,CLASS-75
1204,CLASS-75
1206,CLASS-75
1208,CLASS-75
1209,CLASS-75
1217,CLASS-75
1220,CLASS-75
1231,CLASS-75
1233,CLASS-75
1239,CLASS-75
1244,CLASS-75
1246,CLASS-75
1249,CLASS-75
1251,CLASS-75
1252,CLASS-75
1255,CLASS-75
1256,CLASS-75
1264,CLASS-75
1267,CLASS-75
1270,CLASS-75
1273,CLASS-75
1274,CLASS-75
1275,CLASS-75
1276,CLASS-75
1282,CLASS-75
1286,CLASS-75
1289,CLASS-75
1292,CLASS-75
1293,CLASS-75
1295,CLASS-75
1297,CLASS-75
1299,CLASS-75
1300,CLASS-75
1305,CLASS-75
1307,CLASS-75
1308,CLASS-75
1309,CLASS-75
1312,CLASS-75
1316,CLASS-75
1320,CLASS-75
1323,CLASS-75
1329,CLASS-75
1331,CLASS-75
1333,CLASS-75
1341,CLASS-75
1346,CLASS-75
1354,CLASS-75
1357,CLASS-75
1358,CLASS-75
1361,CLASS-75
1370,CLASS-75
1376,CLASS-75
1381,CLASS-75
1384,CLASS-75
1386,CLASS-75
1389,CLASS-75
1392,CLASS-75
1394,CLASS-75
1395,CLASS-75
1397,CLASS-75
1404,CLASS-75
1405,CLASS-75
1406,CLASS-75
1416,CLASS-75
1417,CLASS-75
1422,CLASS-75
1440,CLASS-75
1443,CLASS-75
1453,CLASS-75
1456,CLASS-75
1458,CLASS-75
1464,CLASS-75
1465,CLASS-75
1467,CLASS-75
1468,CLASS-75
1469,CLASS-75
1471,CLASS-75
1474,CLASS-75
1476,CLASS-75
1479,CLASS-75
1480,CLASS-75
1493,CLASS-75
1497,CLASS-75
1501,CLASS-75
1502,CLASS-75
1510,CLASS-75
1512,CLASS-75
1518,CLASS-75
1524,CLASS-75
1532,CLASS-75
1533,CLASS-75
1534,CLASS-75
1537,CLASS-75
1539,CLASS-75
1541,CLASS-75
1542,CLASS-75
1544,CLASS-75
1549,CLASS-75
1550,CLASS-75
1552,CLASS-75
1556,CLASS-75
1558,CLASS-75
1560,CLASS-75
1564,CLASS-75
1573,CLASS-75
1576,CLASS-75
1577,CLASS-75
1579,CLASS-75
1590,CLASS-75
1597,CLASS-75
1599,CLASS-75
1600,CLASS-75
1604,CLASS-75
1607,CLASS-75
1610,CLASS-75
1611,CLASS-75
1616,CLASS-75
1617,CLASS-75
1621,CLASS-75
1622,CLASS-75
1623,CLASS-75
1626,CLASS-75
1629,CLASS-75
1632,CLASS-75
1633,CLASS-75
1644,CLASS-75
1648,CLASS-75
1649,CLASS-75
1651,CLASS-75
1653,CLASS-75
1654,CLASS-75
1660,CLASS-75
1661,CLASS-75
1673,CLASS-75
1674,CLASS-75
1688,CLASS-75
1691,CLASS-75
1696,CLASS-75
1700,CLASS-75
1707,CLASS-75
1709,CLASS-75
1710,CLASS-75
1712,CLASS-75
1713,CLASS-75
1714,CLASS-75
1717,CLASS-75
1718,CLASS-75
1722,CLASS-75
1723,CLASS-75
1727,CLASS-75
1730,CLASS-75
1731,CLASS-75
1732,CLASS-75
1735,CLASS-75
1738,CLASS-75
1739,CLASS-75
1741,CLASS-75
1743,CLASS-75
1745,CLASS-75
1746,CLASS-75
1747,CLASS-75
1749,CLASS-75
1752,CLASS-75
1755,CLASS-75
1757,CLASS-75
1763,CLASS-75
1765,CLASS-75
1766,CLASS-75
1770,CLASS-75
1776,CLASS-75
1778,CLASS-75
1785,CLASS-75
1788,CLASS-75
1792,CLASS-75
1796,CLASS-75
1799,CLASS-75
1800,CLASS-75
1808,CLASS-75
1812,CLASS-75
1815,CLASS-75
1821,CLASS-75
1825,CLASS-75
1828,CLASS-75
1830,CLASS-75
1839,CLASS-75
1840,CLASS-75
1844,CLASS-75
1846,CLASS-75
1847,CLASS-75
1853,CLASS-75
1854,CLASS-75
1856,CLASS-75
1857,CLASS-75
1861,CLASS-75
1863,CLASS-75
1870,CLASS-75
1873,CLASS-75
1875,CLASS-75
1876,CLASS-75
1885,CLASS-75
1887,CLASS-75
1897,CLASS-75
1905,CLASS-75
1907,CLASS-75
1908,CLASS-75
1911,CLASS-75
1914,CLASS-75
1918,CLASS-75
1920,CLASS-75
1921,CLASS-75
1925,CLASS-75
1926,CLASS-75
1933,CLASS-75
1941,CLASS-75
1942,CLASS-75
1944,CLASS-75
1953,CLASS-75
1959,CLASS-75
1961,CLASS-75
1964,CLASS-75
1970,CLASS-75
1977,CLASS-75
1979,CLASS-75
1980,CLASS-75
1981,CLASS-75
1983,CLASS-75
1984,CLASS-75
1985,CLASS-75
1992,CLASS-75
1994,CLASS-75
1996,CLASS-75
2003,CLASS-75
2005,CLASS-75
2006,CLASS-75
2007,CLASS-75
2011,CLASS-75
2015,CLASS-75
2018,CLASS-75
2021,CLASS-75
2023,CLASS-75
2025,CLASS-75
2026,CLASS-75
2027,CLASS-75
2030,CLASS-75
2034,CLASS-75
2049,CLASS-75
2051,CLASS-75
2053,CLASS-75
2055,CLASS-75
2058,CLASS-75
2059,CLASS-75
2060,CLASS-75
2062,CLASS-75
2063,CLASS-75
2065,CLASS-75
2082,CLASS-75
2085,CLASS-75
2086,CLASS-75
2093,CLASS-75
2094,CLASS-75
2100,CLASS-75
2102,CLASS-75
2104,CLASS-75
2113,CLASS-75
2118,CLASS-75
2119,CLASS-75
2130,CLASS-75
2135,CLASS-75
2137,CLASS-75
2138,CLASS-75
2141,CLASS-75
2155,CLASS-75
2157,CLASS-75
2159,CLASS-75
2160,CLASS-75
2162,CLASS-75
2163,CLASS-75
2170,CLASS-75
2171,CLASS-75
2179,CLASS-75
2180,CLASS-75
2181,CLASS-75
2185,CLASS-75
2195,CLASS-75
2205,CLASS-75
2209,CLASS-75
2218,CLASS-75
2224,CLASS-75
2228,CLASS-75
2230,CLASS-75
2241,CLASS-75
2245,CLASS-75
2258,CLASS-75
2259,CLASS-75
2264,CLASS-75
2266,CLASS-75
2271,CLASS-75
2273,CLASS-75
2276,CLASS-75
2278,CLASS-75
2286,CLASS-75
2287,CLASS-75
2294,CLASS-75
2296,CLASS-75
2297,CLASS-75
2299,CLASS-75
2304,CLASS-75
2305,CLASS-75
2307,CLASS-75
2308,CLASS-75
2310,CLASS-75
2312,CLASS-75
2314,CLASS-75
2316,CLASS-75
2325,CLASS-75
2331,CLASS-75
2334,CLASS-75
2337,CLASS-75
2340,CLASS-75
2350,CLASS-75
2353,CLASS-75
2355,CLASS-75
2356,CLASS-75
2380,CLASS-75
2381,CLASS-75
2386,CLASS-75
2387,CLASS-75
2390,CLASS-75
2391,CLASS-75
2394,CLASS-75
2396,CLASS-75
2398,CLASS-75
2399,CLASS-75
2401,CLASS-75
2402,CLASS-75
2408,CLASS-75
2410,CLASS-75
2411,CLASS-75
2414,CLASS-75
2422,CLASS-75
2423,CLASS-75
2424,CLASS-75
2425,CLASS-75
2431,CLASS-75
2435,CLASS-75
2437,CLASS-75
2440,CLASS-75
2443,CLASS-75
2445,CLASS-75
2449,CLASS-75
2452,CLASS-75
2454,CLASS-75
2455,CLASS-75
2458,CLASS-75
2461,CLASS-75
2474,CLASS-75
2475,CLASS-75
2478,CLASS-75
2482,CLASS-75
2486,CLASS-75
2494,CLASS-75
2501,CLASS-75
2503,CLASS-75
2504,CLASS-75
2507,CLASS-75
2508,CLASS-75
2513,CLASS-75
2516,CLASS-75
2526,CLASS-75
2527,CLASS-75
2534,CLASS-75
2538,CLASS-75
2539,CLASS-75
2540,CLASS-75
2543,CLASS-75
2544,CLASS-75
2547,CLASS-75
2551,CLASS-75
2557,CLASS-75
2558,CLASS-75
2561,CLASS-75
2563,CLASS-75
2565,CLASS-75
2566,CLASS-75
2568,CLASS-75
2569,CLASS-75
2570,CLASS-75
2572,CLASS-75
2579,CLASS-75
2581,CLASS-75
2587,CLASS-75
2588,CLASS-75
2596,CLASS-75
2600,CLASS-75
2601,CLASS-75
2605,CLASS-75
2607,CLASS-75
2608,CLASS-75
2615,CLASS-75
2619,CLASS-75
2622,CLASS-75
2625,CLASS-75
2627,CLASS-75
2632,CLASS-75
2636,CLASS-75
2638,CLASS-75
2639,CLASS-75
2642,CLASS-75
2645,CLASS-75
2646,CLASS-75
2651,CLASS-75
2653,CLASS-75
2654,CLASS-75
2656,CLASS-75
2658,CLASS-75
2660,CLASS-75
2663,CLASS-75
2681,CLASS-75
2684,CLASS-75
2686,CLASS-75
2690,CLASS-75
2693,CLASS-75
2700,CLASS-75
2707,CLASS-75
2710,CLASS-75
2715,CLASS-75
2719,CLASS-75
2722,CLASS-75
2727,CLASS-75
2728,CLASS-75
2732,CLASS-75
2736,CLASS-75
2738,CLASS-75
2743,CLASS-75
2753,CLASS-75
2759,CLASS-75
2762,CLASS-75
2763,CLASS-75
2765,CLASS-75
2766,CLASS-75
2771,CLASS-75
2773,CLASS-75
2775,CLASS-75
2781,CLASS-75
2784,CLASS-75
2787,CLASS-75
2792,CLASS-75
2793,CLASS-75
2802,CLASS-75
2803,CLASS-75
2805,CLASS-75
2813,CLASS-75
2814,CLASS-75
2816,CLASS-75
2817,CLASS-75
2820,CLASS-75
2824,CLASS-75
2830,CLASS-75
2834,CLASS-75
2840,CLASS-75
2844,CLASS-75
2854,CLASS-75
2857,CLASS-75
2859,CLASS-75
2871,CLASS-75
2873,CLASS-75
2881,CLASS-75
2889,CLASS-75
2890,CLASS-75
2892,CLASS-75
2895,CLASS-75
2900,CLASS-75
2901,CLASS-75
2905,CLASS-75
2912,CLASS-75
2914,CLASS-75
2915,CLASS-75
2924,CLASS-75
2925,CLASS-75
2926,CLASS-75
2928,CLASS-75
2929,CLASS-75
2931,CLASS-75
2932,CLASS-75
2933,CLASS-75
2939,CLASS-75
2944,CLASS-75
2948,CLASS-75
2952,CLASS-75
2954,CLASS-75
2961,CLASS-75
2962,CLASS-75
2964,CLASS-75
2965,CLASS-75
2969,CLASS-75
2970,CLASS-75
2977,CLASS-75
2980,CLASS-75
2982,CLASS-75
2985,CLASS-75
2986,CLASS-75
2993,CLASS-75
2996,CLASS-75
3005,CLASS-75
3007,CLASS-75
3009,CLASS-75
3010,CLASS-75
3015,CLASS-75
3023,CLASS-75
3025,CLASS-75
3031,CLASS-75
3034,CLASS-75
3035,CLASS-75
3036,CLASS-75
3037,CLASS-75
3040,CLASS-75
3043,CLASS-75
3046,CLASS-75
3047,CLASS-75
3050,CLASS-75
3055,CLASS-75
3063,CLASS-75
3064,CLASS-75
3069,CLASS-75
3070,CLASS-75
3071,CLASS-75
3072,CLASS-75
3077,CLASS-75
3078,CLASS-75
3080,CLASS-75
3086,CLASS-75
3090,CLASS-75
3093,CLASS-75
3096,CLASS-75
3103,CLASS-75
3105,CLASS-75
3110,CLASS-75
3111,CLASS-75
3112,CLASS-75
3113,CLASS-75
3117,CLASS-75
3118,CLASS-75
3123,CLASS-75
3125,CLASS-75
3129,CLASS-75
3130,CLASS-75
3132,CLASS-75
3135,CLASS-75
3143,CLASS-75
3156,CLASS-75
3157,CLASS-75
3158,CLASS-75
3160,CLASS-75
3165,CLASS-75
3167,CLASS-75
3170,CLASS-75
3171,CLASS-75
3173,CLASS-75
3177,CLASS-75
3181,CLASS-75
3183,CLASS-75
3195,CLASS-75
3196,CLASS-75
3202,CLASS-75
3205,CLASS-75
3212,CLASS-75
3214,CLASS-75
3215,CLASS-75
3218,CLASS-75
3227,CLASS-75
3232,CLASS-75
3233,CLASS-75
3235,CLASS-75
3236,CLASS-75
3239,CLASS-75
3243,CLASS-75
3244,CLASS-75
3253,CLASS-75
3254,CLASS-75
3256,CLASS-75
3257,CLASS-75
3262,CLASS-75
3265,CLASS-75
3268,CLASS-75
3269,CLASS-75
3270,CLASS-75
3272,CLASS-75
3275,CLASS-75
3276,CLASS-75
3280,CLASS-75
3283,CLASS-75
3289,CLASS-75
3290,CLASS-75
3292,CLASS-75
3294,CLASS-75
3295,CLASS-75
3299,CLASS-75
3301,CLASS-75
3303,CLASS-75
3312,CLASS-75
3318,CLASS-75
3322,CLASS-75
3331,CLASS-75
3337,CLASS-75
3340,CLASS-75
3341,CLASS-75
3342,CLASS-75
3345,CLASS-75
3350,CLASS-75
3354,CLASS-75
3355,CLASS-75
3358,CLASS-75
3359,CLASS-75
3361,CLASS-75
3369,CLASS-75
3372,CLASS-75
3386,CLASS-75
3387,CLASS-75
3391,CLASS-75
3393,CLASS-75
3396,CLASS-75
3399,CLASS-75
3402,CLASS-75
3403,CLASS-75
3404,CLASS-75
3409,CLASS-75
3413,CLASS-75
3417,CLASS-75
3418,CLASS-75
3424,CLASS-75
3425,CLASS-75
3427,CLASS-75
3428,CLASS-75
3431,CLASS-75
3433,CLASS-75
3436,CLASS-75
3439,CLASS-75
3446,CLASS-75
3447,CLASS-75
3457,CLASS-75
3460,CLASS-75
3462,CLASS-75
3464,CLASS-75
3466,CLASS-75
3467,CLASS-75
3478,CLASS-75
3480,CLASS-75
3483,CLASS-75
3490,CLASS-75
3492,CLASS-75
3494,CLASS-75
3497,CLASS-75
3500,CLASS-75
3504,CLASS-75
3506,CLASS-75
3509,CLASS-75
3510,CLASS-75
3518,CLASS-75
3520,CLASS-75
3521,CLASS-75
3522,CLASS-75
3526,CLASS-75
3530,CLASS-75
3531,CLASS-75
3533,CLASS-75
3534,CLASS-75
3535,CLASS-75
3537,CLASS-75
3538,CLASS-75
3543,CLASS-75
3544,CLASS-75
3545,CLASS-75
3548,CLASS-75
3550,CLASS-75
3552,CLASS-75
3553,CLASS-75
3556,CLASS-75
3559,CLASS-75
3561,CLASS-75
3562,CLASS-75
3568,CLASS-75
3570,CLASS-75
3576,CLASS-75
3578,CLASS-75
3580,CLASS-75
3586,CLASS-75
3590,CLASS-75
3592,CLASS-75
3598,CLASS-75
3599,CLASS-75
3607,CLASS-75
3614,CLASS-75
3615,CLASS-75
3616,CLASS-75
3620,CLASS-75
3621,CLASS-75
3636,CLASS-75
3640,CLASS-75
3641,CLASS-75
3642,CLASS-75
3644,CLASS-75
3647,CLASS-75
3650,CLASS-75
3652,CLASS-75
3655,CLASS-75
3657,CLASS-75
3659,CLASS-75
3667,CLASS-75
3668,CLASS-75
3670,CLASS-75
3673,CLASS-75
3677,CLASS-75
3682,CLASS-75
3684,CLASS-75
3686,CLASS-75
3689,CLASS-75
3690,CLASS-75
3692,CLASS-75
3693,CLASS-75
3695,CLASS-75
3708,CLASS-75
3712,CLASS-75
3718,CLASS-75
3719,CLASS-75
3726,CLASS-75
3729,CLASS-75
3730,CLASS-75
3734,CLASS-75
3745,CLASS-75
3747,CLASS-75
3757,CLASS-75
3758,CLASS-75
3760,CLASS-75
3763,CLASS-75
3765,CLASS-75
3769,CLASS-75
3771,CLASS-75
3775,CLASS-75
3778,CLASS-75
3786,CLASS-75
3791,CLASS-75
3796,CLASS-75
3799,CLASS-75
3800,CLASS-75
3805,CLASS-75
3808,CLASS-75
3814,CLASS-75
3816,CLASS-75
3819,CLASS-75
3820,CLASS-75
3830,CLASS-75
3831,CLASS-75
3833,CLASS-75
3839,CLASS-75
3841,CLASS-75
3851,CLASS-75
3862,CLASS-75
3872,CLASS-75
3875,CLASS-75
3885,CLASS-75
3887,CLASS-75
3888,CLASS-75
3891,CLASS-75
3895,CLASS-75
3896,CLASS-75
3901,CLASS-75
3911,CLASS-75
3915,CLASS-75
3917,CLASS-75
3925,CLASS-75
3927,CLASS-75
3928,CLASS-75
3933,CLASS-75
3935,CLASS-75
3936,CLASS-75
3937,CLASS-75
3945,CLASS-75
3946,CLASS-75
3948,CLASS-75
3949,CLASS-75
3954,CLASS-75
3956,CLASS-75
3960,CLASS-75
3963,CLASS-75
3975,CLASS-75
3977,CLASS-75
3978,CLASS-75
3984,CLASS-75
3994,CLASS-75
4000,CLASS-75
4002,CLASS-75
4006,CLASS-75
4010,CLASS-75
4011,CLASS-75
4012,CLASS-75
4015,CLASS-75
4017,CLASS-75
4019,CLASS-75
4026,CLASS-75
4027,CLASS-75
4038,CLASS-75
4043,CLASS-75
4044,CLASS-75
4045,CLASS-75
4054,CLASS-75
4060,CLASS-75
4061,CLASS-75
4063,CLASS-75
4066,CLASS-75
4070,CLASS-75
4071,CLASS-75
4081,CLASS-75
4082,CLASS-75
4084,CLASS-75
4086,CLASS-75
4091,CLASS-75
4092,CLASS-75
4094,CLASS-75
4098,CLASS-75
4103,CLASS-75
4104,CLASS-75
4106,CLASS-75
4108,CLASS-75
4109,CLASS-75
4110,CLASS-75
4111,CLASS-75
4113,CLASS-75
4117,CLASS-75
4118,CLASS-75
4120,CLASS-75
4129,CLASS-75
4131,CLASS-75
4134,CLASS-75
4135,CLASS-75
4136,CLASS-75
4140,CLASS-75
4145,CLASS-75
4150,CLASS-75
4168,CLASS-75
4170,CLASS-75
4173,CLASS-75
4176,CLASS-75
4180,CLASS-75
4182,CLASS-75
4183,CLASS-75
4184,CLASS-75
4185,CLASS-75
4190,CLASS-75
4198,CLASS-75
4207,CLASS-75
4208,CLASS-75
4213,CLASS-75
4219,CLASS-75
4220,CLASS-75
4227,CLASS-75
4228,CLASS-75
4230,CLASS-75
4234,CLASS-75
4238,CLASS-75
4242,CLASS-75
4248,CLASS-75
4250,CLASS-75
4251,CLASS-75
4254,CLASS-75
4257,CLASS-75
4259,CLASS-75
4265,CLASS-75
4267,CLASS-75
4274,CLASS-75
4280,CLASS-75
4286,CLASS-75
4287,CLASS-75
4289,CLASS-75
4291,CLASS-75
4295,CLASS-75
4299,CLASS-75
4300,CLASS-75
4302,CLASS-75
4304,CLASS-75
4310,CLASS-75
4311,CLASS-75
4314,CLASS-75
4315,CLASS-75
4317,CLASS-75
4319,CLASS-75
4325,CLASS-75
4326,CLASS-75
4327,CLASS-75
4329,CLASS-75
4333,CLASS-75
4334,CLASS-75
4338,CLASS-75
4344,CLASS-75
4346,CLASS-75
4348,CLASS-75
4350,CLASS-75
4351,CLASS-75
4352,CLASS-75
4356,CLASS-75
4357,CLASS-75
4358,CLASS-75
4359,CLASS-75
4361,CLASS-75
4362,CLASS-75
4363,CLASS-75
4377,CLASS-75
4395,CLASS-75
4396,CLASS-75
4402,CLASS-75
4405,CLASS-75
4413,CLASS-75
4414,CLASS-75
4416,CLASS-75
4417,CLASS-75
4418,CLASS-75
4421,CLASS-75
4425,CLASS-75
4427,CLASS-75
4434,CLASS-75
4435,CLASS-75
4438,CLASS-75
4440,CLASS-75
4445,CLASS-75
4448,CLASS-75
4449,CLASS-75
4459,CLASS-75
4460,CLASS-75
4465,CLASS-75
4466,CLASS-75
4470,CLASS-75
4473,CLASS-75
4474,CLASS-75
4477,CLASS-75
4482,CLASS-75
4487,CLASS-75
4489,CLASS-75
4491,CLASS-75
4493,CLASS-75
4494,CLASS-75
4502,CLASS-75
4503,CLASS-75
4508,CLASS-75
4514,CLASS-75
4518,CLASS-75
4522,CLASS-75
4526,CLASS-75
4535,CLASS-75
4540,CLASS-75
4541,CLASS-75
4545,CLASS-75
4547,CLASS-75
4552,CLASS-75
4554,CLASS-75
4557,CLASS-75
4558,CLASS-75
4559,CLASS-75
4562,CLASS-75
4565,CLASS-75
4567,CLASS-75
4573,CLASS-75
4574,CLASS-75
4577,CLASS-75
4579,CLASS-75
4583,CLASS-75
4593,CLASS-75
4605,CLASS-75
4611,CLASS-75
4612,CLASS-75
4615,CLASS-75
4619,CLASS-75
4622,CLASS-75
4625,CLASS-75
4627,CLASS-75
4632,CLASS-75
4633,CLASS-75
4639,CLASS-75
4641,CLASS-75
4646,CLASS-75
4649,CLASS-75
4650,CLASS-75
4657,CLASS-75
4660,CLASS-75
4670,CLASS-75
4675,CLASS-75
4681,CLASS-75
4684,CLASS-75
4693,CLASS-75
4702,CLASS-75
4703,CLASS-75
4704,CLASS-75
4709,CLASS-75
4716,CLASS-75
4720,CLASS-75
4721,CLASS-75
4728,CLASS-75
4730,CLASS-75
4731,CLASS-75
4737,CLASS-75
4738,CLASS-75
4739,CLASS-75
4740,CLASS-75
4741,CLASS-75
4743,CLASS-75
4746,CLASS-75
4749,CLASS-75
4752,CLASS-75
4755,CLASS-75
4757,CLASS-75
4759,CLASS-75
4760,CLASS-75
4761,CLASS-75
4784,CLASS-75
4786,CLASS-75
4788,CLASS-75
4789,CLASS-75
4792,CLASS-75
4793,CLASS-75
4795,CLASS-75
4807,CLASS-75
4810,CLASS-75
4815,CLASS-75
4818,CLASS-75
4820,CLASS-75
4826,CLASS-75
4828,CLASS-75
4829,CLASS-75
4834,CLASS-75
4835,CLASS-75
4836,CLASS-75
4838,CLASS-75
4842,CLASS-75
4851,CLASS-75
4862,CLASS-75
4866,CLASS-75
4868,CLASS-75
4869,CLASS-75
4870,CLASS-75
4871,CLASS-75
4872,CLASS-75
4875,CLASS-75
4877,CLASS-75
4878,CLASS-75
4880,CLASS-75
4884,CLASS-75
4886,CLASS-75
4889,CLASS-75
4890,CLASS-75
4894,CLASS-75
4899,CLASS-75
4900,CLASS-75
4909,CLASS-75
4917,CLASS-75
4921,CLASS-75
4922,CLASS-75
4925,CLASS-75
4926,CLASS-75
4927,CLASS-75
4928,CLASS-75
4931,CLASS-75
4933,CLASS-75
4940,CLASS-75
4942,CLASS-75
4948,CLASS-75
4954,CLASS-75
4956,CLASS-75
4961,CLASS-75
4962,CLASS-75
4963,CLASS-75
4967,CLASS-75
4968,CLASS-75
4969,CLASS-75
4970,CLASS-75
4973,CLASS-75
4976,CLASS-75
4978,CLASS-75
4979,CLASS-75
4981,CLASS-75
4988,CLASS-75
4989,CLASS-75
4997,CLASS-75
4998,CLASS-75
5002,CLASS-75
5009,CLASS-75
5013,CLASS-75
5018,CLASS-75
5022,CLASS-75
5031,CLASS-75
5033,CLASS-75
5037,CLASS-75
5046,CLASS-75
5048,CLASS-75
5050,CLASS-75
5051,CLASS-75
5057,CLASS-75
5060,CLASS-75
5068,CLASS-75
5080,CLASS-75
5081,CLASS-75
5082,CLASS-75
5085,CLASS-75
5096,CLASS-75
5108,CLASS-75
5109,CLASS-75
5110,CLASS-75
5113,CLASS-75
5115,CLASS-75
5116,CLASS-75
5118,CLASS-75
5126,CLASS-75
5135,CLASS-75
5144,CLASS-75
5146,CLASS-75
5152,CLASS-75
5159,CLASS-75
5160,CLASS-75
5161,CLASS-75
5164,CLASS-75
5165,CLASS-75
5166,CLASS-75
5168,CLASS-75
5173,CLASS-75
5174,CLASS-75
5176,CLASS-75
5178,CLASS-75
5179,CLASS-75
5180,CLASS-75
5185,CLASS-75
5186,CLASS-75
5189,CLASS-75
5190,CLASS-75
5199,CLASS-75
5200,CLASS-75
5201,CLASS-75
5202,CLASS-75
5203,CLASS-75
5215,CLASS-75
5216,CLASS-75
5220,CLASS-75
5222,CLASS-75
5225,CLASS-75
5227,CLASS-75
5236,CLASS-75
5239,CLASS-75
5242,CLASS-75
5243,CLASS-75
5246,CLASS-75
5249,CLASS-75
5254,CLASS-75
5256,CLASS-75
5260,CLASS-75
5262,CLASS-75
5266,CLASS-75
5267,CLASS-75
5268,CLASS-75
5270,CLASS-75
5279,CLASS-75
5282,CLASS-75
5285,CLASS-75
5289,CLASS-75
5290,CLASS-75
5292,CLASS-75
5294,CLASS-75
5297,CLASS-75
5298,CLASS-75
5301,CLASS-75
5302,CLASS-75
5308,CLASS-75
5310,CLASS-75
5325,CLASS-75
5327,CLASS-75
5328,CLASS-75
5341,CLASS-75
5343,CLASS-75
5345,CLASS-75
5349,CLASS-75
5352,CLASS-75
5353,CLASS-75
5359,CLASS-75
5364,CLASS-75
5376,CLASS-75
5380,CLASS-75
5382,CLASS-75
5385,CLASS-75
5390,CLASS-75
5398,CLASS-75
5399,CLASS-75
5406,CLASS-75
5409,CLASS-75
5410,CLASS-75
5421,CLASS-75
5423,CLASS-75
5438,CLASS-75
5439,CLASS-75
5440,CLASS-75
5445,CLASS-75
5452,CLASS-75
5457,CLASS-75
5459,CLASS-75
5460,CLASS-75
5461,CLASS-75
5462,CLASS-75
5463,CLASS-75
5464,CLASS-75
5477,CLASS-75
5479,CLASS-75
5486,CLASS-75
5495,CLASS-75
5500,CLASS-75
5506,CLASS-75
5510,CLASS-75
5511,CLASS-75
5512,CLASS-75
5523,CLASS-75
5525,CLASS-75
5530,CLASS-75
5532,CLASS-75
5533,CLASS-75
5538,CLASS-75
5546,CLASS-75
5550,CLASS-75
5551,CLASS-75
5554,CLASS-75
5557,CLASS-75
5562,CLASS-75
5565,CLASS-75
5568,CLASS-75
5572,CLASS-75
5576,CLASS-75
5580,CLASS-75
5589,CLASS-75
5599,CLASS-75
5603,CLASS-75
5604,CLASS-75
5609,CLASS-75
5612,CLASS-75
5613,CLASS-75
5615,CLASS-75
5616,CLASS-75
5617,CLASS-75
5619,CLASS-75
5621,CLASS-75
5624,CLASS-75
5633,CLASS-75
5635,CLASS-75
5636,CLASS-75
5640,CLASS-75
5641,CLASS-75
5643,CLASS-75
5646,CLASS-75
5647,CLASS-75
5648,CLASS-75
5651,CLASS-75
5654,CLASS-75
5657,CLASS-75
5663,CLASS-75
5666,CLASS-75
5667,CLASS-75
5684,CLASS-75
5687,CLASS-75
5691,CLASS-75
5695,CLASS-75
5701,CLASS-75
5702,CLASS-75
5704,CLASS-75
5707,CLASS-75
5708,CLASS-75
5712,CLASS-75
5715,CLASS-75
5717,CLASS-75
5719,CLASS-75
5720,CLASS-75
5722,CLASS-75
5723,CLASS-75
5726,CLASS-75
5730,CLASS-75
5737,CLASS-75
5739,CLASS-75
5740,CLASS-75
5744,CLASS-75
5750,CLASS-75
5751,CLASS-75
5752,CLASS-75
5760,CLASS-75
5761,CLASS-75
5763,CLASS-75
5764,CLASS-75
5767,CLASS-75
5768,CLASS-75
5769,CLASS-75
5772,CLASS-75
5777,CLASS-75
5778,CLASS-75
5782,CLASS-75
5788,CLASS-75
5789,CLASS-75
5791,CLASS-75
5792,CLASS-75
5793,CLASS-75
5799,CLASS-75
5803,CLASS-75
5806,CLASS-75
5810,CLASS-75
5811,CLASS-75
5813,CLASS-75
5814,CLASS-75
5816,CLASS-75
5817,CLASS-75
5823,CLASS-75
5827,CLASS-75
5829,CLASS-75
5831,CLASS-75
5834,CLASS-75
5836,CLASS-75
5837,CLASS-75
5840,CLASS-75
5843,CLASS-75
5844,CLASS-75
5845,CLASS-75
5849,CLASS-75
5854,CLASS-75
5858,CLASS-75
5860,CLASS-75
5861,CLASS-75
5865,CLASS-75
5868,CLASS-75
5869,CLASS-75
5870,CLASS-75
5871,CLASS-75
5875,CLASS-75
5879,CLASS-75
5881,CLASS-75
5883,CLASS-75
5888,CLASS-75
5893,CLASS-75
5898,CLASS-75
5901,CLASS-75
5902,CLASS-75
5905,CLASS-75
5906,CLASS-75
5907,CLASS-75
5911,CLASS-75
5913,CLASS-75
5914,CLASS-75
5918,CLASS-75
5921,CLASS-75
5925,CLASS-75
5927,CLASS-75
5929,CLASS-75
5932,CLASS-75
5935,CLASS-75
5937,CLASS-75
5938,CLASS-75
5940,CLASS-75
5946,CLASS-75
5948,CLASS-75
5953,CLASS-75
5956,CLASS-75
5961,CLASS-75
5974,CLASS-75
5976,CLASS-75
5980,CLASS-75
5983,CLASS-75
5984,CLASS-75
5987,CLASS-75
5991,CLASS-75
5992,CLASS-75
5993,CLASS-75
5995,CLASS-75
5996,CLASS-75
6004,CLASS-75
6006,CLASS-75
6007,CLASS-75
6008,CLASS-75
6012,CLASS-75
6017,CLASS-75
6027,CLASS-75
6030,CLASS-75
6033,CLASS-75
6034,CLASS-75
6037,CLASS-75
6039,CLASS-75
6048,CLASS-75
6051,CLASS-75
6063,CLASS-75
6065,CLASS-75
6066,CLASS-75
6067,CLASS-75
6069,CLASS-75
6081,CLASS-75
6083,CLASS-75
6090,CLASS-75
6099,CLASS-75
6100,CLASS-75
6102,CLASS-75
6104,CLASS-75
6105,CLASS-75
6107,CLASS-75
6109,CLASS-75
6121,CLASS-75
6125,CLASS-75
6127,CLASS-75
6129,CLASS-75
6132,CLASS-75
6135,CLASS-75
6141,CLASS-75
6142,CLASS-75
6146,CLASS-75
6147,CLASS-75
6150,CLASS-75
6151,CLASS-75
6153,CLASS-75
6156,CLASS-75
6157,CLASS-75
6159,CLASS-75
6170,CLASS-75
6172,CLASS-75
6173,CLASS-75
6177,CLASS-75
6190,CLASS-75
6192,CLASS-75
6193,CLASS-75
6197,CLASS-75
6199,CLASS-75
6200,CLASS-75
6203,CLASS-75
6206,CLASS-75
6207,CLASS-75
6209,CLASS-75
6215,CLASS-75
6216,CLASS-75
6218,CLASS-75
6222,CLASS-75
6226,CLASS-75
6227,CLASS-75
6229,CLASS-75
6239,CLASS-75
6251,CLASS-75
6255,CLASS-75
6257,CLASS-75
6260,CLASS-75
6261,CLASS-75
6268,CLASS-75
6269,CLASS-75
6274,CLASS-75
6275,CLASS-75
6276,CLASS-75
6277,CLASS-75
6278,CLASS-75
6281,CLASS-75
6282,CLASS-75
6292,CLASS-75
6300,CLASS-75
6309,CLASS-75
6312,CLASS-75
6314,CLASS-75
6319,CLASS-75
6324,CLASS-75
6326,CLASS-75
6327,CLASS-75
6329,CLASS-75
6331,CLASS-75
6335,CLASS-75
6341,CLASS-75
6346,CLASS-75
6350,CLASS-75
6351,CLASS-75
6353,CLASS-75
6355,CLASS-75
6356,CLASS-75
6363,CLASS-75
6365,CLASS-75
6366,CLASS-75
6367,CLASS-75
6369,CLASS-75
6370,CLASS-75
6373,CLASS-75
6374,CLASS-75
6378,CLASS-75
6383,CLASS-75
6384,CLASS-75
6388,CLASS-75
6391,CLASS-75
6400,CLASS-75
6402,CLASS-75
6410,CLASS-75
6420,CLASS-75
6422,CLASS-75
6433,CLASS-75
6434,CLASS-75
6435,CLASS-75
6438,CLASS-75
6442,CLASS-75
6456,CLASS-75
6458,CLASS-75
6466,CLASS-75
6469,CLASS-75
6471,CLASS-75
6476,CLASS-75
6478,CLASS-75
6479,CLASS-75
6482,CLASS-75
6483,CLASS-75
6484,CLASS-75
6494,CLASS-75
6501,CLASS-75
6502,CLASS-75
6504,CLASS-75
6506,CLASS-75
6508,CLASS-75
6510,CLASS-75
6512,CLASS-75
6513,CLASS-75
6514,CLASS-75
6516,CLASS-75
6524,CLASS-75
6526,CLASS-75
6529,CLASS-75
6530,CLASS-75
6531,CLASS-75
6532,CLASS-75
6535,CLASS-75
6537,CLASS-75
6542,CLASS-75
6543,CLASS-75
6548,CLASS-75
6553,CLASS-75
6558,CLASS-75
6560,CLASS-75
6563,CLASS-75
6564,CLASS-75
6570,CLASS-75
6573,CLASS-75
6575,CLASS-75
6579,CLASS-75
6584,CLASS-75
6585,CLASS-75
6587,CLASS-75
6590,CLASS-75
6592,CLASS-75
6594,CLASS-75
6596,CLASS-75
6599,CLASS-75
6600,CLASS-75
6601,CLASS-75
6603,CLASS-75
6604,CLASS-75
6605,CLASS-75
6607,CLASS-75
6616,CLASS-75
6617,CLASS-75
6619,CLASS-75
6620,CLASS-75
6623,CLASS-75
6631,CLASS-75
6637,CLASS-75
6638,CLASS-75
6642,CLASS-75
6645,CLASS-75
6647,CLASS-75
6648,CLASS-75
6656,CLASS-75
6659,CLASS-75
6664,CLASS-75
6666,CLASS-75
6669,CLASS-75
6673,CLASS-75
6680,CLASS-75
6682,CLASS-75
6684,CLASS-75
6689,CLASS-75
6690,CLASS-75
6692,CLASS-75
6698,CLASS-75
6702,CLASS-75
6706,CLASS-75
6710,CLASS-75
6711,CLASS-75
6712,CLASS-75
6718,CLASS-75
6720,CLASS-75
6721,CLASS-75
6724,CLASS-75
6725,CLASS-75
6727,CLASS-75
6729,CLASS-75
6734,CLASS-75
6737,CLASS-75
6744,CLASS-75
6746,CLASS-75
6747,CLASS-75
6748,CLASS-75
6751,CLASS-75
6752,CLASS-75
6763,CLASS-75
6764,CLASS-75
6765,CLASS-75
6773,CLASS-75
6777,CLASS-75
6779,CLASS-75
6780,CLASS-75
6783,CLASS-75
6794,CLASS-75
6796,CLASS-75
6797,CLASS-75
6803,CLASS-75
6804,CLASS-75
6805,CLASS-75
6811,CLASS-75
6812,CLASS-75
6816,CLASS-75
6818,CLASS-75
6820,CLASS-75
6823,CLASS-75
6826,CLASS-75
6830,CLASS-75
6834,CLASS-75
6838,CLASS-75
6841,CLASS-75
6842,CLASS-75
6852,CLASS-75
6856,CLASS-75
6857,CLASS-75
6858,CLASS-75
6859,CLASS-75
6860,CLASS-75
6861,CLASS-75
6864,CLASS-75
6867,CLASS-75
6868,CLASS-75
6869,CLASS-75
6871,CLASS-75
6873,CLASS-75
6874,CLASS-75
6881,CLASS-75
6882,CLASS-75
6885,CLASS-75
6891,CLASS-75
6898,CLASS-75
6899,CLASS-75
6901,CLASS-75
6905,CLASS-75
6906,CLASS-75
6907,CLASS-75
6908,CLASS-75
6909,CLASS-75
6910,CLASS-75
6920,CLASS-75
6922,CLASS-75
6924,CLASS-75
6925,CLASS-75
6928,CLASS-75
6933,CLASS-75
6934,CLASS-75
6935,CLASS-75
6942,CLASS-75
6947,CLASS-75
6955,CLASS-75
6956,CLASS-75
6957,CLASS-75
6963,CLASS-75
6964,CLASS-75
6968,CLASS-75
6971,CLASS-75
6976,CLASS-75
6977,CLASS-75
6979,CLASS-75
6988,CLASS-75
6993,CLASS-75
6995,CLASS-75
6996,CLASS-75
6998,CLASS-75
7000,CLASS-75
7001,CLASS-75
7014,CLASS-75
7016,CLASS-75
7018,CLASS-75
7024,CLASS-75
7036,CLASS-75
7040,CLASS-75
7046,CLASS-75
7047,CLASS-75
7050,CLASS-75
7059,CLASS-75
7060,CLASS-75
7061,CLASS-75
7063,CLASS-75
7066,CLASS-75
7070,CLASS-75
7073,CLASS-75
7074,CLASS-75
7075,CLASS-75
7077,CLASS-75
7085,CLASS-75
7086,CLASS-75
7087,CLASS-75
7089,CLASS-75
7092,CLASS-75
7095,CLASS-75
7097,CLASS-75
7107,CLASS-75
7110,CLASS-75
7120,CLASS-75
7128,CLASS-75
7131,CLASS-75
7134,CLASS-75
7135,CLASS-75
7147,CLASS-75
7150,CLASS-75
7153,CLASS-75
7160,CLASS-75
7161,CLASS-75
7164,CLASS-75
7167,CLASS-75
7175,CLASS-75
7177,CLASS-75
7179,CLASS-75
7180,CLASS-75
7185,CLASS-75
7189,CLASS-75
7190,CLASS-75
7192,CLASS-75
7194,CLASS-75
7198,CLASS-75
7199,CLASS-75
7200,CLASS-75
7201,CLASS-75
7209,CLASS-75
7213,CLASS-75
7215,CLASS-75
7219,CLASS-75
7221,CLASS-75
7223,CLASS-75
7225,CLASS-75
7227,CLASS-75
7233,CLASS-75
7239,CLASS-75
7240,CLASS-75
7241,CLASS-75
7243,CLASS-75
7248,CLASS-75
7253,CLASS-75
7256,CLASS-75
7261,CLASS-75
7265,CLASS-75
7266,CLASS-75
7271,CLASS-75
7274,CLASS-75
7276,CLASS-75
7281,CLASS-75
7287,CLASS-75
7291,CLASS-75
7294,CLASS-75
7296,CLASS-75
7298,CLASS-75
7300,CLASS-75
7305,CLASS-75
7308,CLASS-75
7310,CLASS-75
7311,CLASS-75
7312,CLASS-75
7313,CLASS-75
7316,CLASS-75
7322,CLASS-75
7323,CLASS-75
7324,CLASS-75
7331,CLASS-75
7335,CLASS-75
7338,CLASS-75
7340,CLASS-75
7341,CLASS-75
7343,CLASS-75
7345,CLASS-75
7348,CLASS-75
7353,CLASS-75
7357,CLASS-75
7358,CLASS-75
7364,CLASS-75
7373,CLASS-75
7376,CLASS-75
7377,CLASS-75
7383,CLASS-75
7384,CLASS-75
7386,CLASS-75
7388,CLASS-75
7391,CLASS-75
7395,CLASS-75
7396,CLASS-75
7399,CLASS-75
7401,CLASS-75
7403,CLASS-75
7406,CLASS-75
7414,CLASS-75
7429,CLASS-75
7430,CLASS-75
7434,CLASS-75
7438,CLASS-75
7445,CLASS-75
7447,CLASS-75
7453,CLASS-75
7457,CLASS-75
7459,CLASS-75
7460,CLASS-75
7471,CLASS-75
7472,CLASS-75
7474,CLASS-75
7481,CLASS-75
7483,CLASS-75
7486,CLASS-75
7493,CLASS-75
7504,CLASS-75
7508,CLASS-75
7509,CLASS-75
7513,CLASS-75
7517,CLASS-75
7518,CLASS-75
7519,CLASS-75
7521,CLASS-75
7522,CLASS-75
7525,CLASS-75
7526,CLASS-75
7529,CLASS-75
7534,CLASS-75
7542,CLASS-75
7543,CLASS-75
7544,CLASS-75
7552,CLASS-75
7558,CLASS-75
7562,CLASS-75
7564,CLASS-75
7566,CLASS-75
7568,CLASS-75
7571,CLASS-75
7575,CLASS-75
7576,CLASS-75
7579,CLASS-75
7588,CLASS-75
7592,CLASS-75
7594,CLASS-75
7595,CLASS-75
7597,CLASS-75
7599,CLASS-75
7606,CLASS-75
7611,CLASS-75
7613,CLASS-75
7615,CLASS-75
7616,CLASS-75
7618,CLASS-75
7620,CLASS-75
7623,CLASS-75
7624,CLASS-75
7626,CLASS-75
7628,CLASS-75
7630,CLASS-75
7640,CLASS-75
7646,CLASS-75
7647,CLASS-75
7651,CLASS-75
7652,CLASS-75
7653,CLASS-75
7664,CLASS-75
7668,CLASS-75
7672,CLASS-75
7680,CLASS-75
7683,CLASS-75
7686,CLASS-75
7699,CLASS-75
7700,CLASS-75
7714,CLASS-75
7718,CLASS-75
7722,CLASS-75
7726,CLASS-75
7728,CLASS-75
7729,CLASS-75
7734,CLASS-75
7740,CLASS-75
7742,CLASS-75
7745,CLASS-75
7748,CLASS-75
7750,CLASS-75
7754,CLASS-75
7757,CLASS-75
7761,CLASS-75
7765,CLASS-75
7766,CLASS-75
7770,CLASS-75
7773,CLASS-75
7774,CLASS-75
7777,CLASS-75
7782,CLASS-75
7783,CLASS-75
7784,CLASS-75
7795,CLASS-75
7798,CLASS-75
7802,CLASS-75
7807,CLASS-75
7809,CLASS-75
7811,CLASS-75
7813,CLASS-75
7815,CLASS-75
7819,CLASS-75
7821,CLASS-75
7827,CLASS-75
7831,CLASS-75
7832,CLASS-75
7833,CLASS-75
7835,CLASS-75
7836,CLASS-75
7838,CLASS-75
7841,CLASS-75
7848,CLASS-75
7852,CLASS-75
7854,CLASS-75
7869,CLASS-75
7870,CLASS-75
7872,CLASS-75
7876,CLASS-75
7877,CLASS-75
7878,CLASS-75
7880,CLASS-75
7881,CLASS-75
7883,CLASS-75
7885,CLASS-75
7893,CLASS-75
7894,CLASS-75
7895,CLASS-75
7907,CLASS-75
7911,CLASS-75
7917,CLASS-75
7923,CLASS-75
7928,CLASS-75
7929,CLASS-75
7931,CLASS-75
7932,CLASS-75
7933,CLASS-75
7935,CLASS-75
7939,CLASS-75
7945,CLASS-75
7950,CLASS-75
7955,CLASS-75
7957,CLASS-75
7958,CLASS-75
7959,CLASS-75
7960,CLASS-75
7974,CLASS-75
7975,CLASS-75
7977,CLASS-75
7983,CLASS-75
7989,CLASS-75
7992,CLASS-75
7993,CLASS-75
7998,CLASS-75
8010,CLASS-75
